Date,Start (ET),Visitor/Neutral,PTS,Home/Neutral,PTS.1,,,Attend.,Arena,Notes
"Tue, Nov 1, 2022",7:30p,Chicago Bulls,108,Brooklyn Nets,99,Box Score,,17732.0,Barclays Center,
"Tue, Nov 1, 2022",7:30p,Golden State Warriors,109,Miami Heat,116,Box Score,,19600.0,Kaseya Center,
"Tue, Nov 1, 2022",8:00p,Orlando Magic,108,Oklahoma City Thunder,116,Box Score,,13109.0,Paycom Center,
"Tue, Nov 1, 2022",10:00p,Minnesota Timberwolves,107,Phoenix Suns,116,Box Score,,17071.0,Footprint Center,
"Wed, Nov 2, 2022",6:00p,Washington Wizards,121,Philadelphia 76ers,111,Box Score,,19855.0,Wells Fargo Center,
"Wed, Nov 2, 2022",7:30p,Boston Celtics,113,Cleveland Cavaliers,114,Box Score,OT,19432.0,Rocket Mortgage Fieldhouse,
"Wed, Nov 2, 2022",7:30p,Sacramento Kings,107,Miami Heat,110,Box Score,,19600.0,Kaseya Center,
"Wed, Nov 2, 2022",7:30p,Atlanta Hawks,112,New York Knicks,99,Box Score,,19812.0,Madison Square Garden (IV),
"Wed, Nov 2, 2022",8:00p,Charlotte Hornets,88,Chicago Bulls,106,Box Score,,17886.0,United Center,
"Wed, Nov 2, 2022",8:00p,Los Angeles Clippers,109,Houston Rockets,101,Box Score,,15860.0,Toyota Center,
"Wed, Nov 2, 2022",8:00p,Detroit Pistons,91,Milwaukee Bucks,116,Box Score,,17341.0,Fiserv Forum,
"Wed, Nov 2, 2022",8:00p,Toronto Raptors,143,San Antonio Spurs,100,Box Score,,12155.0,AT&T Center,
"Wed, Nov 2, 2022",8:30p,Utah Jazz,100,Dallas Mavericks,103,Box Score,,19877.0,American Airlines Center,
"Wed, Nov 2, 2022",10:00p,Memphis Grizzlies,111,Portland Trail Blazers,106,Box Score,,19462.0,Moda Center,
"Wed, Nov 2, 2022",10:30p,New Orleans Pelicans,117,Los Angeles Lakers,120,Box Score,OT,18997.0,Crypto.com Arena,
"Thu, Nov 3, 2022",7:00p,Golden State Warriors,129,Orlando Magic,130,Box Score,,18846.0,Amway Center,
"Thu, Nov 3, 2022",8:00p,Denver Nuggets,122,Oklahoma City Thunder,110,Box Score,,13791.0,Paycom Center,
"Fri, Nov 4, 2022",7:00p,Cleveland Cavaliers,112,Detroit Pistons,88,Box Score,,18744.0,Little Caesars Arena,
"Fri, Nov 4, 2022",7:00p,Miami Heat,99,Indiana Pacers,101,Box Score,,13141.0,Gainbridge Fieldhouse,
"Fri, Nov 4, 2022",7:00p,New York Knicks,106,Philadelphia 76ers,104,Box Score,,20679.0,Wells Fargo Center,
"Fri, Nov 4, 2022",7:00p,Brooklyn Nets,128,Washington Wizards,86,Box Score,,17258.0,Capital One Arena,
"Fri, Nov 4, 2022",7:30p,Chicago Bulls,119,Boston Celtics,123,Box Score,,19156.0,TD Garden,
"Fri, Nov 4, 2022",8:00p,Charlotte Hornets,99,Memphis Grizzlies,130,Box Score,,17187.0,FedEx Forum,
"Fri, Nov 4, 2022",8:00p,Los Angeles Clippers,113,San Antonio Spurs,106,Box Score,,12603.0,AT&T Center,
"Fri, Nov 4, 2022",8:30p,Toronto Raptors,110,Dallas Mavericks,111,Box Score,,20177.0,American Airlines Center,
"Fri, Nov 4, 2022",8:30p,Golden State Warriors,105,New Orleans Pelicans,114,Box Score,,18451.0,Smoothie King Center,
"Fri, Nov 4, 2022",10:00p,Milwaukee Bucks,115,Minnesota Timberwolves,102,Box Score,,17136.0,Target Center,
"Fri, Nov 4, 2022",10:00p,Portland Trail Blazers,108,Phoenix Suns,106,Box Score,,17071.0,Footprint Center,
"Fri, Nov 4, 2022",10:30p,Utah Jazz,130,Los Angeles Lakers,116,Box Score,,18997.0,Crypto.com Arena,
"Sat, Nov 5, 2022",5:00p,Sacramento Kings,126,Orlando Magic,123,Box Score,OT,18846.0,Amway Center,
"Sat, Nov 5, 2022",7:00p,Brooklyn Nets,98,Charlotte Hornets,94,Box Score,,19398.0,Spectrum Center,
"Sat, Nov 5, 2022",7:30p,New Orleans Pelicans,121,Atlanta Hawks,124,Box Score,OT,17654.0,State Farm Arena,
"Sat, Nov 5, 2022",7:30p,Boston Celtics,133,New York Knicks,118,Box Score,,19812.0,Madison Square Garden (IV),
"Sat, Nov 5, 2022",8:00p,Oklahoma City Thunder,94,Milwaukee Bucks,108,Box Score,,17713.0,Fiserv Forum,
"Sat, Nov 5, 2022",8:00p,Houston Rockets,117,Minnesota Timberwolves,129,Box Score,,16412.0,Target Center,
"Sat, Nov 5, 2022",9:00p,San Antonio Spurs,101,Denver Nuggets,126,Box Score,,19641.0,Ball Arena,
"Sat, Nov 5, 2022",10:00p,Portland Trail Blazers,82,Phoenix Suns,102,Box Score,,17071.0,Footprint Center,
"Sun, Nov 6, 2022",3:30p,Cleveland Cavaliers,114,Los Angeles Lakers,100,Box Score,,18997.0,Crypto.com Arena,
"Sun, Nov 6, 2022",6:00p,Washington Wizards,97,Memphis Grizzlies,103,Box Score,,16877.0,FedEx Forum,
"Sun, Nov 6, 2022",6:00p,Chicago Bulls,104,Toronto Raptors,113,Box Score,,19800.0,Scotiabank Arena,
"Sun, Nov 6, 2022",10:00p,Utah Jazz,110,Los Angeles Clippers,102,Box Score,,16111.0,Crypto.com Arena,
"Mon, Nov 7, 2022",7:00p,Washington Wizards,108,Charlotte Hornets,100,Box Score,,13712.0,Spectrum Center,
"Mon, Nov 7, 2022",7:15p,Houston Rockets,134,Orlando Magic,127,Box Score,,15441.0,Amway Center,
"Mon, Nov 7, 2022",7:30p,Oklahoma City Thunder,103,Detroit Pistons,112,Box Score,,16223.0,Little Caesars Arena,
"Mon, Nov 7, 2022",7:45p,New Orleans Pelicans,122,Indiana Pacers,129,Box Score,,14052.0,Gainbridge Fieldhouse,
"Mon, Nov 7, 2022",8:00p,Phoenix Suns,88,Philadelphia 76ers,100,Box Score,,20347.0,Wells Fargo Center,
"Mon, Nov 7, 2022",8:15p,Milwaukee Bucks,98,Atlanta Hawks,117,Box Score,,17494.0,State Farm Arena,
"Mon, Nov 7, 2022",8:30p,Portland Trail Blazers,110,Miami Heat,107,Box Score,,19600.0,Kaseya Center,
"Mon, Nov 7, 2022",8:45p,Toronto Raptors,97,Chicago Bulls,111,Box Score,,21142.0,United Center,
"Mon, Nov 7, 2022",9:00p,Boston Celtics,109,Memphis Grizzlies,106,Box Score,,17371.0,FedEx Forum,
"Mon, Nov 7, 2022",9:15p,New York Knicks,120,Minnesota Timberwolves,107,Box Score,,14524.0,Target Center,
"Mon, Nov 7, 2022",9:30p,Denver Nuggets,115,San Antonio Spurs,109,Box Score,,11574.0,AT&T Center,
"Mon, Nov 7, 2022",9:45p,Brooklyn Nets,94,Dallas Mavericks,96,Box Score,,20011.0,American Airlines Center,
"Mon, Nov 7, 2022",10:00p,Sacramento Kings,113,Golden State Warriors,116,Box Score,,18064.0,Chase Center,
"Mon, Nov 7, 2022",10:15p,Los Angeles Lakers,116,Utah Jazz,139,Box Score,,18206.0,Vivint Arena,
"Mon, Nov 7, 2022",10:30p,Cleveland Cavaliers,117,Los Angeles Clippers,119,Box Score,,16516.0,Crypto.com Arena,
"Wed, Nov 9, 2022",5:30p,Dallas Mavericks,87,Orlando Magic,94,Box Score,,18165.0,Amway Center,
"Wed, Nov 9, 2022",7:00p,Portland Trail Blazers,105,Charlotte Hornets,95,Box Score,,14774.0,Spectrum Center,
"Wed, Nov 9, 2022",7:00p,Denver Nuggets,122,Indiana Pacers,119,Box Score,,14069.0,Gainbridge Fieldhouse,
"Wed, Nov 9, 2022",7:30p,Utah Jazz,125,Atlanta Hawks,119,Box Score,,15845.0,State Farm Arena,
"Wed, Nov 9, 2022",7:30p,Detroit Pistons,112,Boston Celtics,128,Box Score,,19156.0,TD Garden,
"Wed, Nov 9, 2022",7:30p,New York Knicks,85,Brooklyn Nets,112,Box Score,,18156.0,Barclays Center,
"Wed, Nov 9, 2022",7:30p,Houston Rockets,109,Toronto Raptors,116,Box Score,,19800.0,Scotiabank Arena,
"Wed, Nov 9, 2022",8:00p,New Orleans Pelicans,115,Chicago Bulls,111,Box Score,,19621.0,United Center,
"Wed, Nov 9, 2022",8:00p,Phoenix Suns,129,Minnesota Timberwolves,117,Box Score,,16062.0,Target Center,
"Wed, Nov 9, 2022",8:00p,Milwaukee Bucks,136,Oklahoma City Thunder,132,Box Score,2OT,15180.0,Paycom Center,
"Wed, Nov 9, 2022",8:00p,Memphis Grizzlies,124,San Antonio Spurs,122,Box Score,OT,13507.0,AT&T Center,
"Wed, Nov 9, 2022",10:00p,Los Angeles Lakers,101,Los Angeles Clippers,114,Box Score,,19068.0,Crypto.com Arena,
"Wed, Nov 9, 2022",10:00p,Cleveland Cavaliers,120,Sacramento Kings,127,Box Score,,13816.0,Golden 1 Center,
"Thu, Nov 10, 2022",7:00p,Dallas Mavericks,105,Washington Wizards,113,Box Score,,18320.0,Capital One Arena,
"Thu, Nov 10, 2022",7:30p,Philadelphia 76ers,95,Atlanta Hawks,104,Box Score,,16066.0,State Farm Arena,
"Thu, Nov 10, 2022",7:30p,Charlotte Hornets,112,Miami Heat,117,Box Score,OT,19600.0,Kaseya Center,
"Thu, Nov 10, 2022",8:00p,Portland Trail Blazers,106,New Orleans Pelicans,95,Box Score,,14289.0,Smoothie King Center,
"Fri, Nov 11, 2022",7:00p,Denver Nuggets,112,Boston Celtics,131,Box Score,,19156.0,TD Garden,
"Fri, Nov 11, 2022",7:00p,Phoenix Suns,97,Orlando Magic,114,Box Score,,15879.0,Amway Center,
"Fri, Nov 11, 2022",7:30p,Detroit Pistons,112,New York Knicks,121,Box Score,,19812.0,Madison Square Garden (IV),
"Fri, Nov 11, 2022",8:00p,Toronto Raptors,113,Oklahoma City Thunder,132,Box Score,,16104.0,Paycom Center,
"Fri, Nov 11, 2022",8:00p,Milwaukee Bucks,93,San Antonio Spurs,111,Box Score,,15642.0,AT&T Center,
"Fri, Nov 11, 2022",9:30p,Minnesota Timberwolves,103,Memphis Grizzlies,114,Box Score,,16939.0,FedEx Forum,
"Fri, Nov 11, 2022",10:00p,Cleveland Cavaliers,101,Golden State Warriors,106,Box Score,,18064.0,Chase Center,
"Fri, Nov 11, 2022",10:30p,Sacramento Kings,120,Los Angeles Lakers,114,Box Score,,17849.0,Crypto.com Arena,
"Sat, Nov 12, 2022",4:00p,Brooklyn Nets,110,Los Angeles Clippers,95,Box Score,,17777.0,Crypto.com Arena,
"Sat, Nov 12, 2022",6:00p,Utah Jazz,112,Washington Wizards,121,Box Score,,13673.0,Capital One Arena,
"Sat, Nov 12, 2022",7:00p,Boston Celtics,117,Detroit Pistons,108,Box Score,,20190.0,Little Caesars Arena,
"Sat, Nov 12, 2022",7:00p,Toronto Raptors,104,Indiana Pacers,118,Box Score,,13089.0,Gainbridge Fieldhouse,
"Sat, Nov 12, 2022",7:30p,Atlanta Hawks,109,Philadelphia 76ers,121,Box Score,,20245.0,Wells Fargo Center,
"Sat, Nov 12, 2022",8:00p,Charlotte Hornets,115,Miami Heat,132,Box Score,,19600.0,Kaseya Center,
"Sat, Nov 12, 2022",8:30p,Portland Trail Blazers,112,Dallas Mavericks,117,Box Score,,20277.0,American Airlines Center,
"Sat, Nov 12, 2022",8:30p,Houston Rockets,106,New Orleans Pelicans,119,Box Score,,15367.0,Smoothie King Center,
"Sun, Nov 13, 2022",12:00p,Oklahoma City Thunder,145,New York Knicks,135,Box Score,,18325.0,Madison Square Garden (IV),
"Sun, Nov 13, 2022",6:00p,Minnesota Timberwolves,129,Cleveland Cavaliers,124,Box Score,,19432.0,Rocket Mortgage Fieldhouse,
"Sun, Nov 13, 2022",6:00p,Memphis Grizzlies,92,Washington Wizards,102,Box Score,,17667.0,Capital One Arena,
"Sun, Nov 13, 2022",7:30p,Utah Jazz,98,Philadelphia 76ers,105,Box Score,,19761.0,Wells Fargo Center,
"Sun, Nov 13, 2022",8:00p,Denver Nuggets,126,Chicago Bulls,103,Box Score,,21602.0,United Center,
"Sun, Nov 13, 2022",9:00p,Golden State Warriors,115,Sacramento Kings,122,Box Score,,16410.0,Golden 1 Center,
"Sun, Nov 13, 2022",9:30p,Brooklyn Nets,103,Los Angeles Lakers,116,Box Score,,18040.0,Crypto.com Arena,
"Mon, Nov 14, 2022",7:00p,Toronto Raptors,115,Detroit Pistons,111,Box Score,,16988.0,Little Caesars Arena,
"Mon, Nov 14, 2022",7:00p,Charlotte Hornets,112,Orlando Magic,105,Box Score,,15018.0,Amway Center,
"Mon, Nov 14, 2022",7:30p,Oklahoma City Thunder,122,Boston Celtics,126,Box Score,,,TD Garden,
"Mon, Nov 14, 2022",7:30p,Phoenix Suns,112,Miami Heat,113,Box Score,,19600.0,Kaseya Center,
"Mon, Nov 14, 2022",8:00p,Los Angeles Clippers,122,Houston Rockets,106,Box Score,,16098.0,Toyota Center,
"Mon, Nov 14, 2022",8:00p,Atlanta Hawks,121,Milwaukee Bucks,106,Box Score,,17341.0,Fiserv Forum,
"Mon, Nov 14, 2022",10:00p,San Antonio Spurs,95,Golden State Warriors,132,Box Score,,18064.0,Chase Center,
"Tue, Nov 15, 2022",7:30p,Memphis Grizzlies,102,New Orleans Pelicans,113,Box Score,,14032.0,Smoothie King Center,
"Tue, Nov 15, 2022",8:30p,Los Angeles Clippers,101,Dallas Mavericks,103,Box Score,,19810.0,American Airlines Center,
"Tue, Nov 15, 2022",9:00p,New York Knicks,118,Utah Jazz,111,Box Score,,18206.0,Vivint Arena,
"Tue, Nov 15, 2022",10:00p,San Antonio Spurs,110,Portland Trail Blazers,117,Box Score,,19012.0,Moda Center,
"Tue, Nov 15, 2022",10:00p,Brooklyn Nets,121,Sacramento Kings,153,Box Score,,17611.0,Golden 1 Center,
"Wed, Nov 16, 2022",7:00p,Indiana Pacers,125,Charlotte Hornets,113,Box Score,,14756.0,Spectrum Center,
"Wed, Nov 16, 2022",7:00p,Minnesota Timberwolves,126,Orlando Magic,108,Box Score,,16527.0,Amway Center,
"Wed, Nov 16, 2022",7:00p,Oklahoma City Thunder,121,Washington Wizards,120,Box Score,,12630.0,Capital One Arena,
"Wed, Nov 16, 2022",7:30p,Boston Celtics,126,Atlanta Hawks,101,Box Score,,18165.0,State Farm Arena,
"Wed, Nov 16, 2022",7:30p,Miami Heat,104,Toronto Raptors,112,Box Score,,19800.0,Scotiabank Arena,
"Wed, Nov 16, 2022",8:00p,Cleveland Cavaliers,98,Milwaukee Bucks,113,Box Score,,17341.0,Fiserv Forum,
"Wed, Nov 16, 2022",8:00p,Chicago Bulls,110,New Orleans Pelicans,124,Box Score,,14658.0,Smoothie King Center,
"Wed, Nov 16, 2022",8:30p,Houston Rockets,101,Dallas Mavericks,92,Box Score,,19602.0,American Airlines Center,
"Wed, Nov 16, 2022",10:00p,New York Knicks,106,Denver Nuggets,103,Box Score,,18210.0,Ball Arena,
"Wed, Nov 16, 2022",10:00p,Golden State Warriors,119,Phoenix Suns,130,Box Score,,17071.0,Footprint Center,
"Thu, Nov 17, 2022",10:00p,Brooklyn Nets,109,Portland Trail Blazers,107,Box Score,,19393.0,Moda Center,
"Thu, Nov 17, 2022",10:00p,San Antonio Spurs,112,Sacramento Kings,130,Box Score,,16522.0,Golden 1 Center,
"Thu, Nov 17, 2022",10:30p,Detroit Pistons,91,Los Angeles Clippers,96,Box Score,,17822.0,Crypto.com Arena,
"Fri, Nov 18, 2022",7:00p,Miami Heat,106,Washington Wizards,107,Box Score,OT,18772.0,Capital One Arena,
"Fri, Nov 18, 2022",7:30p,Charlotte Hornets,122,Cleveland Cavaliers,132,Box Score,2OT,19432.0,Rocket Mortgage Fieldhouse,
"Fri, Nov 18, 2022",7:30p,Milwaukee Bucks,102,Philadelphia 76ers,110,Box Score,,19769.0,Wells Fargo Center,
"Fri, Nov 18, 2022",8:00p,Orlando Magic,108,Chicago Bulls,107,Box Score,,21031.0,United Center,
"Fri, Nov 18, 2022",8:00p,Indiana Pacers,99,Houston Rockets,91,Box Score,,15882.0,Toyota Center,
"Fri, Nov 18, 2022",8:00p,Oklahoma City Thunder,110,Memphis Grizzlies,121,Box Score,,17324.0,FedEx Forum,
"Fri, Nov 18, 2022",8:30p,Denver Nuggets,99,Dallas Mavericks,127,Box Score,,20135.0,American Airlines Center,
"Fri, Nov 18, 2022",8:30p,Boston Celtics,117,New Orleans Pelicans,109,Box Score,,17828.0,Smoothie King Center,
"Fri, Nov 18, 2022",9:00p,Phoenix Suns,133,Utah Jazz,134,Box Score,,18206.0,Vivint Arena,
"Fri, Nov 18, 2022",10:00p,New York Knicks,101,Golden State Warriors,111,Box Score,,18064.0,Chase Center,
"Fri, Nov 18, 2022",10:30p,Detroit Pistons,121,Los Angeles Lakers,128,Box Score,,18095.0,Crypto.com Arena,
"Sat, Nov 19, 2022",6:00p,Toronto Raptors,122,Atlanta Hawks,124,Box Score,OT,18051.0,State Farm Arena,
"Sat, Nov 19, 2022",7:00p,Orlando Magic,113,Indiana Pacers,114,Box Score,,14478.0,Gainbridge Fieldhouse,
"Sat, Nov 19, 2022",7:30p,Minnesota Timberwolves,112,Philadelphia 76ers,109,Box Score,,20515.0,Wells Fargo Center,
"Sat, Nov 19, 2022",10:00p,Utah Jazz,118,Portland Trail Blazers,113,Box Score,,19595.0,Moda Center,
"Sat, Nov 19, 2022",10:30p,San Antonio Spurs,97,Los Angeles Clippers,119,Box Score,,18581.0,Crypto.com Arena,
"Sun, Nov 20, 2022",3:30p,New York Knicks,95,Phoenix Suns,116,Box Score,,17071.0,Footprint Center,
"Sun, Nov 20, 2022",6:00p,Detroit Pistons,129,Sacramento Kings,137,Box Score,,17866.0,Golden 1 Center,
"Sun, Nov 20, 2022",6:00p,Charlotte Hornets,102,Washington Wizards,106,Box Score,,14289.0,Capital One Arena,
"Sun, Nov 20, 2022",7:00p,Memphis Grizzlies,115,Brooklyn Nets,127,Box Score,,18241.0,Barclays Center,
"Sun, Nov 20, 2022",7:00p,Miami Heat,87,Cleveland Cavaliers,113,Box Score,,19432.0,Rocket Mortgage Fieldhouse,
"Sun, Nov 20, 2022",7:00p,Golden State Warriors,127,Houston Rockets,120,Box Score,,18055.0,Toyota Center,
"Sun, Nov 20, 2022",7:30p,Denver Nuggets,98,Dallas Mavericks,97,Box Score,,20244.0,American Airlines Center,
"Sun, Nov 20, 2022",9:30p,San Antonio Spurs,92,Los Angeles Lakers,123,Box Score,,18211.0,Crypto.com Arena,
"Mon, Nov 21, 2022",7:00p,Atlanta Hawks,102,Cleveland Cavaliers,114,Box Score,,19432.0,Rocket Mortgage Fieldhouse,
"Mon, Nov 21, 2022",7:00p,Orlando Magic,102,Indiana Pacers,123,Box Score,,14029.0,Gainbridge Fieldhouse,
"Mon, Nov 21, 2022",8:00p,Boston Celtics,107,Chicago Bulls,121,Box Score,,20786.0,United Center,
"Mon, Nov 21, 2022",8:00p,Portland Trail Blazers,111,Milwaukee Bucks,119,Box Score,,17341.0,Fiserv Forum,
"Mon, Nov 21, 2022",8:00p,Miami Heat,101,Minnesota Timberwolves,105,Box Score,,16583.0,Target Center,
"Mon, Nov 21, 2022",8:00p,Golden State Warriors,83,New Orleans Pelicans,128,Box Score,,18589.0,Smoothie King Center,
"Mon, Nov 21, 2022",8:00p,New York Knicks,129,Oklahoma City Thunder,119,Box Score,,15079.0,Paycom Center,
"Mon, Nov 21, 2022",10:30p,Utah Jazz,114,Los Angeles Clippers,121,Box Score,,19068.0,Crypto.com Arena,
"Tue, Nov 22, 2022",7:30p,Brooklyn Nets,106,Philadelphia 76ers,115,Box Score,,20184.0,Wells Fargo Center,
"Tue, Nov 22, 2022",8:00p,Sacramento Kings,113,Memphis Grizzlies,109,Box Score,,16826.0,FedEx Forum,
"Tue, Nov 22, 2022",9:00p,Detroit Pistons,110,Denver Nuggets,108,Box Score,,19635.0,Ball Arena,
"Tue, Nov 22, 2022",10:00p,Los Angeles Lakers,105,Phoenix Suns,115,Box Score,,17071.0,Footprint Center,
"Wed, Nov 23, 2022",7:00p,Philadelphia 76ers,101,Charlotte Hornets,107,Box Score,,16910.0,Spectrum Center,
"Wed, Nov 23, 2022",7:00p,Portland Trail Blazers,96,Cleveland Cavaliers,114,Box Score,,19432.0,Rocket Mortgage Fieldhouse,
"Wed, Nov 23, 2022",7:00p,Minnesota Timberwolves,115,Indiana Pacers,101,Box Score,,15751.0,Gainbridge Fieldhouse,
"Wed, Nov 23, 2022",7:30p,Sacramento Kings,106,Atlanta Hawks,115,Box Score,,18173.0,State Farm Arena,
"Wed, Nov 23, 2022",7:30p,Dallas Mavericks,112,Boston Celtics,125,Box Score,,19156.0,TD Garden,
"Wed, Nov 23, 2022",7:30p,Washington Wizards,105,Miami Heat,113,Box Score,,19600.0,Kaseya Center,
"Wed, Nov 23, 2022",7:30p,Brooklyn Nets,112,Toronto Raptors,98,Box Score,,19800.0,Scotiabank Arena,
"Wed, Nov 23, 2022",8:00p,Chicago Bulls,118,Milwaukee Bucks,113,Box Score,,17341.0,Fiserv Forum,
"Wed, Nov 23, 2022",8:00p,Denver Nuggets,131,Oklahoma City Thunder,126,Box Score,OT,13656.0,Paycom Center,
"Wed, Nov 23, 2022",8:00p,New Orleans Pelicans,129,San Antonio Spurs,110,Box Score,,14947.0,AT&T Center,
"Wed, Nov 23, 2022",9:00p,Detroit Pistons,125,Utah Jazz,116,Box Score,,18206.0,Vivint Arena,
"Wed, Nov 23, 2022",10:00p,Los Angeles Clippers,107,Golden State Warriors,124,Box Score,,18064.0,Chase Center,
"Fri, Nov 25, 2022",5:00p,Minnesota Timberwolves,108,Charlotte Hornets,110,Box Score,,17924.0,Spectrum Center,
"Fri, Nov 25, 2022",7:00p,Philadelphia 76ers,107,Orlando Magic,99,Box Score,,15384.0,Amway Center,
"Fri, Nov 25, 2022",7:30p,Portland Trail Blazers,132,New York Knicks,129,Box Score,OT,19812.0,Madison Square Garden (IV),
"Fri, Nov 25, 2022",8:00p,Sacramento Kings,104,Boston Celtics,122,Box Score,,19156.0,TD Garden,
"Fri, Nov 25, 2022",8:00p,Atlanta Hawks,122,Houston Rockets,128,Box Score,,16669.0,Toyota Center,
"Fri, Nov 25, 2022",8:00p,Brooklyn Nets,117,Indiana Pacers,128,Box Score,,15404.0,Gainbridge Fieldhouse,
"Fri, Nov 25, 2022",8:00p,New Orleans Pelicans,111,Memphis Grizzlies,132,Box Score,,17794.0,FedEx Forum,
"Fri, Nov 25, 2022",8:00p,Washington Wizards,107,Miami Heat,110,Box Score,,19600.0,Kaseya Center,
"Fri, Nov 25, 2022",8:00p,Cleveland Cavaliers,102,Milwaukee Bucks,117,Box Score,,17447.0,Fiserv Forum,
"Fri, Nov 25, 2022",8:00p,Chicago Bulls,119,Oklahoma City Thunder,123,Box Score,OT,16082.0,Paycom Center,
"Fri, Nov 25, 2022",8:00p,Los Angeles Lakers,105,San Antonio Spurs,94,Box Score,,18354.0,AT&T Center,
"Fri, Nov 25, 2022",9:00p,Detroit Pistons,102,Phoenix Suns,108,Box Score,,17071.0,Footprint Center,
"Fri, Nov 25, 2022",10:00p,Utah Jazz,118,Golden State Warriors,129,Box Score,,18064.0,Chase Center,
"Fri, Nov 25, 2022",10:30p,Denver Nuggets,114,Los Angeles Clippers,104,Box Score,,16559.0,Crypto.com Arena,
"Sat, Nov 26, 2022",5:00p,Dallas Mavericks,100,Toronto Raptors,105,Box Score,,19800.0,Scotiabank Arena,
"Sat, Nov 26, 2022",8:00p,Oklahoma City Thunder,105,Houston Rockets,118,Box Score,,15151.0,Toyota Center,
"Sat, Nov 26, 2022",8:00p,Los Angeles Lakers,143,San Antonio Spurs,138,Box Score,,18354.0,AT&T Center,
"Sat, Nov 26, 2022",9:00p,Utah Jazz,112,Phoenix Suns,113,Box Score,,17071.0,Footprint Center,
"Sun, Nov 27, 2022",3:00p,Portland Trail Blazers,97,Brooklyn Nets,111,Box Score,,17732.0,Barclays Center,
"Sun, Nov 27, 2022",3:30p,Golden State Warriors,137,Minnesota Timberwolves,114,Box Score,,17136.0,Target Center,
"Sun, Nov 27, 2022",4:00p,Indiana Pacers,100,Los Angeles Clippers,114,Box Score,,16805.0,Crypto.com Arena,
"Sun, Nov 27, 2022",5:00p,Miami Heat,106,Atlanta Hawks,98,Box Score,,17268.0,State Farm Arena,
"Sun, Nov 27, 2022",6:00p,Washington Wizards,121,Boston Celtics,130,Box Score,,19156.0,TD Garden,
"Sun, Nov 27, 2022",6:00p,Cleveland Cavaliers,102,Detroit Pistons,94,Box Score,,18240.0,Little Caesars Arena,
"Sun, Nov 27, 2022",6:00p,Memphis Grizzlies,127,New York Knicks,123,Box Score,,19524.0,Madison Square Garden (IV),
"Sun, Nov 27, 2022",6:00p,Philadelphia 76ers,133,Orlando Magic,103,Box Score,,16218.0,Amway Center,
"Sun, Nov 27, 2022",8:00p,Dallas Mavericks,115,Milwaukee Bucks,124,Box Score,,17341.0,Fiserv Forum,
"Mon, Nov 28, 2022",7:00p,Atlanta Hawks,101,Philadelphia 76ers,104,Box Score,,19778.0,Wells Fargo Center,
"Mon, Nov 28, 2022",7:00p,Minnesota Timberwolves,127,Washington Wizards,142,Box Score,,13515.0,Capital One Arena,
"Mon, Nov 28, 2022",7:30p,Charlotte Hornets,105,Boston Celtics,140,Box Score,,19156.0,TD Garden,
"Mon, Nov 28, 2022",7:30p,Orlando Magic,102,Brooklyn Nets,109,Box Score,,15704.0,Barclays Center,
"Mon, Nov 28, 2022",7:30p,Cleveland Cavaliers,88,Toronto Raptors,100,Box Score,,19800.0,Scotiabank Arena,
"Mon, Nov 28, 2022",8:00p,Oklahoma City Thunder,101,New Orleans Pelicans,105,Box Score,,13109.0,Smoothie King Center,
"Mon, Nov 28, 2022",9:00p,Houston Rockets,113,Denver Nuggets,129,Box Score,,16027.0,Ball Arena,
"Mon, Nov 28, 2022",9:00p,Chicago Bulls,114,Utah Jazz,107,Box Score,,18206.0,Vivint Arena,
"Mon, Nov 28, 2022",10:00p,Phoenix Suns,122,Sacramento Kings,117,Box Score,,16407.0,Golden 1 Center,
"Mon, Nov 28, 2022",10:30p,Indiana Pacers,116,Los Angeles Lakers,115,Box Score,,16034.0,Crypto.com Arena,
"Tue, Nov 29, 2022",7:00p,New York Knicks,140,Detroit Pistons,110,Box Score,,14864.0,Little Caesars Arena,
"Tue, Nov 29, 2022",7:30p,Golden State Warriors,113,Dallas Mavericks,116,Box Score,,20277.0,American Airlines Center,
"Tue, Nov 29, 2022",10:00p,Los Angeles Clippers,118,Portland Trail Blazers,112,Box Score,,17251.0,Moda Center,
"Wed, Nov 30, 2022",7:00p,Philadelphia 76ers,85,Cleveland Cavaliers,113,Box Score,,19432.0,Rocket Mortgage Fieldhouse,
"Wed, Nov 30, 2022",7:00p,Atlanta Hawks,125,Orlando Magic,108,Box Score,,15344.0,Amway Center,
"Wed, Nov 30, 2022",7:30p,Miami Heat,121,Boston Celtics,134,Box Score,,19156.0,TD Garden,
"Wed, Nov 30, 2022",7:30p,Washington Wizards,107,Brooklyn Nets,113,Box Score,,15963.0,Barclays Center,
"Wed, Nov 30, 2022",7:30p,Milwaukee Bucks,109,New York Knicks,103,Box Score,,17277.0,Madison Square Garden (IV),
"Wed, Nov 30, 2022",8:00p,Memphis Grizzlies,101,Minnesota Timberwolves,109,Box Score,,15980.0,Target Center,
"Wed, Nov 30, 2022",8:00p,Toronto Raptors,108,New Orleans Pelicans,126,Box Score,,14845.0,Smoothie King Center,
"Wed, Nov 30, 2022",8:00p,San Antonio Spurs,111,Oklahoma City Thunder,119,Box Score,,15605.0,Paycom Center,
"Wed, Nov 30, 2022",9:00p,Houston Rockets,100,Denver Nuggets,120,Box Score,,16286.0,Ball Arena,
"Wed, Nov 30, 2022",9:00p,Chicago Bulls,113,Phoenix Suns,132,Box Score,,17071.0,Footprint Center,
"Wed, Nov 30, 2022",9:00p,Los Angeles Clippers,112,Utah Jazz,125,Box Score,,18206.0,Vivint Arena,
"Wed, Nov 30, 2022",10:00p,Indiana Pacers,114,Sacramento Kings,137,Box Score,,17611.0,Golden 1 Center,
"Wed, Nov 30, 2022",10:30p,Portland Trail Blazers,109,Los Angeles Lakers,128,Box Score,,18560.0,Crypto.com Arena,
